{
  "model/models-dbg.js": 1730527099697,
  "Component.js": 1730527099689,
  "controller/OfficalRightScreen.controller.js": 1730527403891,
  "controller/LeftScreen.controller.js": 1730537909310,
  "controller/InitialRightScreen.controller.js": 1730527395139,
  "controller/App.controller.js": 1730539056084,
  "manifest.json": 1730546624520,
  "model/models.js": 1730527099697,
  "controller/LeftScreen-dbg.controller.js": 1730537909310,
  "controller/LeftScreen.controller.js.map": 1730546624806,
  "controller/OfficalRightScreen-dbg.controller.js": 1730527403891,
  "controller/OfficalRightScreen.controller.js.map": 1730546624789,
  "Component-dbg.js": 1730527099689,
  "Component.js.map": 1730546624727,
  "controller/InitialRightScreen-dbg.controller.js": 1730527395139,
  "controller/InitialRightScreen.controller.js.map": 1730546624765,
  "controller/App-dbg.controller.js": 1730539056084,
  "controller/App.controller.js.map": 1730546624735,
  "i18n/i18n.properties": 1730527099697,
  "model/models.js.map": 1730546624739,
  "Component-preload.js": 1730546625127,
  "Component-preload.js.map": 1730546625127,
  "view/OfficalRightScreen.view.xml": 1730532771113,
  "view/LeftScreen.view.xml": 1730533659834,
  "view/InitialRightScreen.view.xml": 1730532787298,
  "view/FileUploading.fragment.xml": 1730527737519,
  "view/FileManagement.fragment.xml": 1730527737443,
  "view/App.view.xml": 1730531909371,
  "css/style.css": 1730527441013,
  "index.html": 1730533768939
}